message,label
"Исполнилось, мне значит, 45, сразу пошел паспорт менять, через месяц выдали мне паспорт на имя Петра Ильича Рослюкова, а у меня Росляков фамилия!",-1
"да на следующей неделе пойду заново все подавать, а жалобу можно написать кому-нибудь на такую ситуацию?",-1
"А никого из-за этого не уволят? я зол, конечно, но не хочу, чтобы из-за меня кто-то без работы остался",-1
"а, ну ладно.",-1
"жена моя расстроилась из-за этого, что в паспортах у нас разные фамилии, а мы уже 20 лет женаты",-1
"а напиши для неё любовное письмо, пожалуйста. Её Людмила зовут",-1
"перепиши письмо, про паспорт вообще не упоминай, это её расстроит, просто скажи, мол, люблю, ценю, уважаю и благодарен за каждый день совместной жизни",-1
"напиши чуть по проще, я так сложно не изъясняюсь обычно, а то она сразу поймет, что за меня кто-то написал",-1
"да, так неплохо, спасибо, выручил",-1
"сообрази мне 10 рецептов маринада для шашлыка, чтобы в половине был эстрагон, люблю его очень",-1
"выглядит аппетитно. а забацай мне 10 маринадов для рыбы. в субботу, как обычно, на рыбалку собираюсь, так что будет что замариновать",-1
"я с детства рыбалку люблю, раз в неделю стараюсь выбираться, даже зимой, а сын мой по моим. стопам не пошел вот, всё больше за компьютером сидит",-1
"да сыном больше жена занимается, а мне грустно, что он со мной не хочет на рыбалку ездить",-1
Какие есть совместные увлечения для отцов и сыновей?,-1
"ох, надо бы в музей с ним сходить, в Третьяковку, туда ещё мой отец со мной хаживал",-1
батя у меня мировой был,-1
"Ромка, сын мой, деда и не помнит совсем, помер, когда моему Ромке и года не исполнилось",-1
"мне вот с отцом нравилось время проводить, не что, моему оболтусу",-1
"кстати, что пацану 12 лет можно подарить? скоро премию выплатят, я ему с премии всегда что-нибудь дарю",-1
"ну ничего нового мне не сказал, лучше у него сам спрошу. Мой друг, Колька, своему пацану подарил наушники, а он обиделся,  мол, не такие",-1
"а мне мой отец подарил мопед, это был лучший подарок! Но Ромке рано ещё такое",-1
"да и он какого-то интереса к машинам не проявляет, будто и не мой сын вовсе, я то всю жизнь с машинами возился",-1
"да мужик без прав вообще не мужик, вот за что я переживаю",-1
"это я так сгоряча, что я мужика что ли не воспитаю",-1
"А напомни, о чём тургеневские отцы и дети? Сюжет, мораль, сыну задали прочитать, хочу проверить, понял он хоть что-то или нет",-1
расскажи поподробнее про конфликт,-1
перечисли мне всех главных героев и дай им короткие характеристики,-1
а кому на Руси жить хорошо?,-1
"так ты не про произведение рассказывай, а на вопрос ответь",-1
а кто виноват?,-1
"так ты не про произведение рассказывай, а на вопрос ответь",-1
что делать?,-1
"так ты не про произведение рассказывай, а на вопрос отвечай",-1
"иду к другу Виктору на день рождения, юбилей, 50 лет, придумай мне 10 интересно тостов",-1
"добавь к тосту, что он надежный, интеллигентный и на него всегда можно положиться",-1
"да, замечательно, спасибо",-1
"я вот читать люблю, но самому красиво писать сложно",-1
"Достоевский вот хорошо пишет, мой любимый автор, пожалуй. Особенно мне у него Идиот нравится",-1
"а моей жене нравится Чехов, его вот вообще не понимаю",-1
"вот мне нравится в Чехове то, что он не просто писал, а был занят делом - людей лечил, но рассказы его - так себе",-1
"слушай, меня в последнее время что-то бессонница мучает",-1
"даже не бессонница наверное, а долго уснуть не могу вечером",-1
"ты до этого говорил, что мне курить придётся бросить?",-1
"а то, что я уже лет 15 по пятницам с мужиками в футбол играю, разве не считается? спорт же вроде полезен",-1
а каким ещё спортом можно заняться в 45 лет?,-1
"какое-то всё бабское, да и какая ходьба, если я в футбол гоняю уже",-1
"вчера с семьей из Твери вернулись.Отличный город! Жена моя поездки любит, все в Турцию хочет, а я ей говорю, зачем нам Турция, если мы в России ещё не все посмотрели, столько красивых городов и мест — за всю жизнь не объездишь",-1
"вчера с семьей из Твери вернулись.Отличный город! Жена моя поездки любит, все в Турцию хочет, а я ей говорю, зачем нам Турция, если мы в России ещё не все посмотрели, столько красивых городов и мест — за всю жизнь не объездишь",-1
"Да, хочу в следующий раз в Нижний Новгород их свозить. Что там посмотреть можно?",-1
а туда лучше зимой ехать или летом?,-1
"а сколько будет стоить туда втроем съездить, как думаешь? Дней на 5",-1
"ну, вполне подъемно, немножко себя урезать и через пару месяцев уже можно отпуск брать",-1
"я по старинке деньги по конвертам сортирую, могу не поужинать иногда, тем более животик вырос за последние 5 лет, так и живём. Людке ещё внушаю, чтобы меньше денег на всякое тряпьё спускала, но что с нее взять, баба и есть баба",-1
"ну, если скажу, что на путешествие копим, может и образумится",-1
"ходили тут в кино с сыном, показывают всякую хрень",-1
"да там клоуны какие-то бегали в костюмах и всё мир спасали, разве это герои? вот в советское время умели кино про героев снимать",-1
"вот мой любимый фильм - 17 мгновений весны, поэтому я и вырос порядочным человеком, а если бы на такой галиматье рос, что бы из меня получилось? да ничего хорошего!",-1
"я вроде хороший пример подаю, курю вот только, но сын вроде не интересуется. но все равно страшно, в кого он таких фильмов превратится",-1
"о, спасибо, попробую его на футбол с собой взять",-1
"сыну задали написать программы на языке qbasic, помогай. первая программа - найти произведение целых чисел от 8 до 15, напиши код",-1
"вторая задача - известны площадь круга и квадрата. Определить, уместится ли круг в квадрате",-1
"спасибо, передам Ромке. выручил меня, теперь он мной будет гордится, что помог ему с домашкой. я-то в школе такое не проходил",-1
"представляешь, меня моя на танцы хочет записать! чтобы мы больше времени вместе проводили и вернуть искру в отношения",-1
"у нас и так есть искра! почему она этого не видит? я её люблю, как и 20 лет назад",-1
"говорит, будем на танго ходить. я уперся, конечно, что за барское мероприятие. но соглашусь, наверное, чтобы ей было приятно",-1
"зная её, всё равно это ненадолго, думаю, месяца на 2 её хватит самое большее",-1
"мы раньше с ней постоянно в пинг-понг играли, но Рома родился, стало потом не до этого. вот недавно снова стали играть",-1
"надо ей предложить после танцев в пинг-понг играть, ракетки недорого стоят",-1
"раньше все в пинг-понг играли, сейчас почему-то это занятие не в почёте",-1
а для танго нужна специальная обувь или что ещё?,-1
а можно такую обувь с рук купить? а то это дорого,-1
"напиши коротенько, о чём этот текст: Что нужно автомобилю В-класса, чтобы стать популярным? Ответ очевиден: как можно реже ломаться и радовать своего владельца минимальной стоимостью обслуживания. В своё время этим подкупал Renault Logan первого поколения, потом герои сменились – появились Hyundai Solaris и Kia Rio, которые могли порадовать ещё и приличными автоматами и даже неплохими комплектациями. Правда, многие считают, что эти автомобили одноразовые и сделаны без особого запаса прочности. Так ли это на самом деле? Может быть, просто надо их лучше обслуживать? И с чем можно столкнуться при эксплуатации подержанного бюджетного «корейца»? Давайте возьмём Киа Рио третьего поколения и постараемся ответить на все поставленные вопросы.

История техники
Первые серийные Rio появились в 2000-м году. Кузовов у первого поколения было было два, и если с седаном всё понятно, то со вторым кузовом до сих не могут определиться: то ли это был такой маленький универсал, то ли слишком большой хетчбэк. Выход этого автомобиля был серьёзной заявкой для всего мира: дизайном занимались сразу в двух отделениях компании (европейском и японском), но при этом очень хотели завоевать американский рынок. И нужно отметить, что к реализации планов в Киа подошли ответственно: гамма моторов для американского рынка отличалась от той, что предлагали в остальном мире (в США не пытались продавать машины с самыми маленькими моторами объёмом 1,3 л – только 1,5 и 1,6), а базовое оснащение было довольно богатым (ГУР, кондиционер, центральный замок с дистанционным управлением, передние стеклоподъёмники, электрозеркала, водительская подушка безопасности). А за деньги можно было докупить ещё и ABS с электронным распределением тормозных усилий, и люк, и даже CD-чейнджер. Ну и, конечно же, можно было купить машину с АКП.

Чего не хватило этому автомобилю, так это хотя бы мало-мальски интересного дизайна. И Рио второго поколения, вышедший в 2005-м году, постарались сделать привлекательнее. Моторы этой генерации, построенной на платформе JB Hyundai-Kia, остались довольно скромными (бензиновые 1,4 л и 1,6 и дизель 1,5 л), зато дизайн рестайлинга в 2010-м году рисовал сам Петер Шрайер (который в своё время создал, например, Audi TT, VW Passat B5, VW Golf IV, Audi A6 C5). Машина получилась довольно удачной, а в России – ещё и популярной в силу того, что с 2010 года её собирали на Автоторе.


Kia Rio I

Kia Rio II
Но всё же самый громкий успех ждал третье поколение, которое появилось в 2011 году. Для В-класса эта Рио была и достаточно симпатичной внешне, и далеко не бедной внутри (правда, только в самой топовой комплектации). При этом технически оставалась весьма скромной: у нас на ней могли стоять только два мотора (1,4 и 1,6 л), МКП или автомат (четырёхступенчатый до рестайлинга, и шестиступенчатый – после). Этот автомобиль с 15 августа 2011 года тоже собирали в России, на заводе Hyundai в Санкт-Петербурге. И это был настоящий успех: наряду с Солярисом Рио стал настоящим бестселлером. И, скорее всего, для этого были свои объективные причины. О них поговорим чуть ниже, а пока познакомимся с автомобилем, на котором поедем в сервис.


Реклама
Наша машина выпущена в 2012 году (значит, до рестайлинга). Её пробег 113 тыс. км, мотор – 1,6 (123 л.с.), четырёхступенчатая АКП и средняя комплектация без климата и бесключевого доступа, но со всем самым необходимым (все стеклоподъёмники, кондиционер, электрозеркала с обогревом, фронтальные подушки, обогрев зоны покоя дворников, водительское сиденье с лифтом, обогрев передних сидений, AUX, USB). Как я уже говорил, технически эта Киа очень близка Солярису, так что многое, о чём будем говорить дальше, пригодится и владельцем Солярисов.

Начнём с самого очевидного: во сколько обойдётся регламентное ТО с заменой масла с фильтром, воздушного и салонного фильтров. Но тут надо сделать важное замечание.


Осматривать машину мы будем в хорошем сетевом автосервисе Fit Service. За основу стоимости работ и деталей возьмём расчёты этого сервиса. Разу",-1
Как часто менять масло в Kia Rio III?,-1
Какой расход топлива у Kia Rio III?,-1
Какой клиренс у Kia Rio III?,-1
Какие слабые места у Kia Rio III?,-1
Сколько прослужит Kia Rio III при должном уходе и заботе?,-1
"думаю вот машину сменить, сейчас у меня Chevrolet Cruze, а до этого была Renault Logan, думаю вот насчет Kia",-1
"мой друг Андрюха себе вообще Мерс взял, ну это, конечно, баловство",-1
"блин, я слесарем-электриком работаю в Московском метрополитене, на кой мне мерс",-1
"ну Ладу я себе ни за что не возьму, ведро с гайками",-1
Какие бюджетные авто самые надёжные?,-1
"у меня жена не любит рано вставать, не хочу её просить завтраки мне готовить, я же вижу, ей с каждым годом всё труднее. дай мне 10 рецептов полезных завтраков, которые может приготовить человек, который плохо готовить, и завтраки должны быть дешевые безо всяких авокадо и семян чиа",-1
а можно каждое утро завтракать одним и тем же?,-1
"так если обед и ужин будут разные, разве обязательно разное есть на завтрак?",-1
а голодать на выходных можно? а то мне надо килограмм 5 сбросить,-1
"а я читал, что голодание запускает какие-то процессы в организме, которые продлевают жизнь. организм вроде как сам себя начинает очищать",-1
"да, вот об этом как раз читал. то есть начать стоит с одного дня в неделю?",-1
а что пить можно во время голодания? минералку можно?,-1
а кофе нельзя?,-1
А кофе влияет на эффективность голодания?,-1
"ну утешил, я без кофе жить не могу",-1
"у меня жена вот чай больше любит, да и сын тоже",-1
придумай мне 10 вариантов подарка жене на день рождения,-1
"слушай, у меня сын не может на чем-то одном сосредоточиться, постоянно хобби меняет и решения. как его научить постоянству?",-1
"у Сёмы, друга моего, сын вот молодец, уже лет каратэ занимается, и прогресс есть и бросать не хочет",-1
Стоит ли заставлять ребёнка ходить в секцию?,-1
Влияют ли увлечения родителей на детей?,-1
"давно не виделись! Мы с семьей вот в Костроме были. Узнал подробно историю Ивана Сусанина, очень интересно. Знал, конечно, про него, но в общих чертах",-1
еще нам понравился Ипатьевской монастырь,-1
"у Гребенщикова песня есть, в Ипаааатьевской слободе",-1
обожаю творчество Бориса Гребенщикова,-1
Какую музыку слушал БГ в юности?,-1
ты прям всё знаешь,-1
"слушай, как убедить жену, что она не толстая, а аппетитная? вздумала худеть, а она мне такой нравится, а врач ей сказал, что у нее вес идеальный",-1
"а если я просто буду много комплиментов говорить, это поможет?",-1
а напиши мне 20 фраз с комплиментами для примера,-1
а ешь 20 придумай,-1
"с сыном ходили на концерт Аукцыона, ему так понравилось, я рад",-1
а ещё с сыном хоти сходить на группу Пикник,-1
а шум в ушах от чего может быть?,-1
а если долго беспокоит?,-1
Может ли стресс вызвать шум в ушах?,-1
а из-за громкой музыки на концерте шум в ушах может появиться?,-1
а это очень вредно?,-1
"а если на концерты ходить раза 4 в год, это будет сильно опасно?",-1
Какие меры предосторожности принять?,-1
Как часто можно посещать концерты безопасно?,-1
Насколько далеко стоять от колонок?,-1
"напиши подробно, в чём различие между трансцендентным и трансцендентальным",-1
Чем отличается трансцендентное от имманентного?,-1
"у меня в последнее время мысли, что жизнь у меня какая-то бессмысленная и однообразная. если бы сына не надо было растить, будто и жить незачем",-1
"я вроде пользу приношу своей работой, человек неплохой, но разве моя жизнь что-то значит в глобальном смысле? помру, обо мне кроме жены и сына никто и не вспомнит. ну друзья может иногда добрым словом помянут",-1
"вот хожу я в церковь, батюшка говорит, что жизнь человека - самое ценное на земле, а я не понимаю, чем моя жизнь ценная, ну она бывает приятной и я очень рад. что после себя сына оставляю",-1
"но всё равно горько, вот умру я, а люди по утрам так же будут ходить на работу, солнце будет вставать на востоке, будут петь птицы, всё будет идти своим чередом, хотя меня-то уже не будет. где же тут моя важность",-1
Почему важно оставлять след в жизни?,-1
"кстати, хочу свою хобби монетизировать - по выходным частенько игрушки из дерева вырезаю. дай совет, как это сделать",-1
Как продавать деревянные игрушки онлайн?,-1
Какие игрушки сейчас популярны?,-1
а через какую соцсеть эффективнее всего продавать? у меня пока время только на одну есть,-1
Какие деревянные игрушки самые продаваемые?,-1
сколько 12-летнему сыну на карманные расходы давать? живем мы в Москве. ответ только аргументируй как следует,-1
"ну, он у меня 1200 просит, а мне кажется, что много",-1
Как часто давать карманные деньги?,-1
"только с концерта вернулись, жена затащила на органный концерт в католический собор, я там сначала чуть не уснул от такой заунывной музыки, а потом у меня шея чуть не отвалилась от неудобных сидений",-1
"она ещё раз туда хочет, но я попрошу на орган больше билеты не брать, думаю, мне фортепиано больше понравится",-1
"сына хотели в музыкалку отдать на пианино, но он заартачился. мы не стали давить, я сам в детстве в музыкалку ходил, правда, не на пианино, оно, конечно, хорошо, но местами нудно, да и для пацана с порт лучше, я думаю",-1
"у меня жена тут перед сном молиться начала, меня это что-то пугает. У друга Толика жена тоже сначала молилась, а потом квартиру какому-то жулью отписала",-1
"да, надо поговорить, но пока вроде только молитвы. говорит, что на душе у нее неспокойно",-1
Молитвы помогут моей жене обрести покой?,-1
Как часто нужно молиться?,-1
"я тут вспомнил, что в институте в теннис играл, как думаешь, получится в 45 лет начать им заниматься?",-1
я слышал что это дорогой вид спорта,-1
Где найти бесплатный корт?,-1
Нужна ли специальная подготовка?,-1
Какие группы мышц укреплять?,-1
составь мне подробно программу трех тренировок и объясни подробно технику выполнения каждого упражнения,-1
"для тенниса, наверное, кроссовки специальные нужны? расскажи",-1
"у меня ракетка старая осталась, ей почти 30 лет. когда покупал ее, она считалась крутой, как думаешь, ей ещё можно играть или надо новую покупать?",-1
она деревянная,-1
"ладно, это я так, может и не буду в теннис возвращаться",-1
"вернулся с концерта группы «Любэ», вообще не понравилось, что-то Расторгуев совсем сдал",-1
Какие песни Любэ считаются лучшими?,-1
"они из подмосковных Люберец, оказывается, поэтому такое название",-1
"у мое тетки Ларисы, да и у мамки после 50 лет появилась одышка, какой шанс, что у меня она тоже появится?",-1
Какие меры профилактики эффективны?,-1
Какие факторы влияют на одышку?,-1
Можно ли полностью вылечить одышку?,-1
Связаны ли возраст и одышка?,-1
"ну у меня пока нет, но я что-то переживаю, что появится",-1
Какие упражнения полезны для дыхания?,-1
Связано ли курение с появлением одышки?,-1
"сын просит черепаху ему купить, до этого хомяка просил, а ещё раньше вообще игуану, а я думаю, куда нам второе домашнее животное, отказываю ему, а он дуется",-1
"вот вырастет, пусть хоть крокодила заводит",-1
"какой чай полезнее, черный и зеленый? только объясни как следует, подробно и обстоятельно",-1
Как правильно заваривать зеленый чай?,-1
Как долго можно хранить зелёный чай?,-1
Какой чай лучше пить утром?,-1
Какой чай улучшает концентрацию?,-1
Какой чай помогает похудеть?,-1
Какой чай лучше пить вечером?,-1
сколько раз можно заваривать одну заварку зеленого чая?,-1
Какие чаи снижают артериальное давление?,-1
Можно ли пить чай на голодный желудок?,-1
Какие чаи повышают иммунитет?,-1
больше всего на свете люблю есть жареную картошку,-1
особенно с лисичками,-1
"а дай мне 5 рецептов жареной с луком картошки, хочу новое что-то попробовать",-1
Какой сорт картошки лучше подходит?,-1
Какие ещё овощи добавить к жареной картошке?,-1
А как пожарить без лишнего жира?,-1
Какие специи подходят к жареной картошке?,-1
"а с какими грибами можно пожарить картошку, кроме лисичек?",-1
fksdjfkjsd slkdvjlksjdvjklsdj sldkfjslkj l,-1
"проверяю, тут ты или нет",-1
хочу дачку купить,-1
Как выбрать хорошую дачную мебель?,-1
Какие материалы лучше для мебели?,-1
Какую дачу выбрать: новую или старую?,-1
Где искать объявления о продаже?,-1
На что обратить внимание при покупке дачи? объясни очень подробно и обстоятельно,-1
Какие растения лучше посадить на даче? Распиши подробно,-1
Какие овощи растут быстрее всего?,-1
А яблони будут расти на песчаной почве?,-1
А черешни будут расти на песчаной почве?,-1
Какие цветы лучше посадить на даче?,-1
Какие кусты подходят для живой изгороди?,-1
Какие деревья хорошо переносят тень?,-1
а как организовать зону барбекю?,-1
какой мангал лучше выбрать? объясни подробно и порассуждай обстоятельно,-1
Какой бассейн установить на участке?,-1
Какие растения посадить возле бассейна?,-1
Можно ли сажать деревья около бассейна?,-1
Нужно ли делать фундамент под барбекю?,-1
Как часто нужно чистить мангал?,-1
Какой формы выбрать бассейн?,-1
Как защитить бассейн от листьев?,-1
Нужно ли накрывать бассейн осенью?,-1
Какой глубины должен быть бассейн?,-1
Какой ширины делать дорожку у бассейна?,-1
"а матрицы сейчас в школе изучают, интересно",-1
"в моё время нам рассказывали про правило умножения постучать-погладить или как-то так, помнишь такое?",-1
"ух, боюсь представить, как сыну это всё придется объяснять",-1
"эх, списать меня в утиль пора( мне отец всё школьную программу объяснил, а у сына такие домашки сложные, что я и помочь особо не могу",-1
А что ещё изменилось в математике?,-1
"ну, выглядит так, будто у меня есть помощники",-1
"знаешь, о чём я тут подумал? что до конца своего отца начал понимать только тогда, когда сам стал отцом. И это несмотря на то, что мы с ним всегда были близки и секретов у нас друг от друга обычно не было",-1
"вспоминаю о нем часто почему-то в последнее время, так мне его не хватает иногда, хотя я уже взрослый мужик",-1
надо на могилку к нему сходить что ли,-1
"ладно, что-то я нюни распустил, негоже мужику ныть",-1
"вот мне отец тоже говорил, что настоящий мужик всё для семьи сделает, так и стараюсь жить",-1
"да, горжусь им очень. ладно, хватит об отце, мне от таких разговоров неловко. скажи лучше, правда ли, что чёрный цвет стройнит?",-1
"а футболки-поло сейчас носят? а то нашел недавно несколько в шкафу, они ещё в хорошем состоянии, не хочется дома носить",-1
"здорово, и джинсы у меня есть",-1
"сын ещё подбивает кроссовки купить, сейчас вроде как молодежь так ходит, а я думаю, что кроссовки - обувь для спорта, а не для улицы",-1
"честно говоря, рад узнать, что можно так ходить, ноги побаливают уже, не отказался бы постоянно носить удобную обувь",-1
Какой материал подошвы лучше выбрать?,-1
"ну это так, пока для справки, прямо сейчас я за ними в магазин не побегу",-1
а вот спортивный костюм на улицу категорически отказываюсь носить и сыну запрещаю,-1
"вот-вот, раньше в таких гопники ходили только, а он у меня культурный",-1
"у них в школе форма, вообще в деловых костюмах ходят на уроки. я скорее за, но жену жалко, она намучилась ему рубашки гладить и стрелки на брюках",-1
"ну выбирает ему всё жена, она в тканях лучше разбирается",-1
"она мне и не доверит, наверное, сыну одежду выбирать, а я и не против, деньги даю и всё",-1
"сегодня пиццу будем на ужин есть, сын обожает, когда мы её заказываем",-1
"мне вот пепперони больше нравится, а сын какую-то мясную, там видов 5 мяса",-1
"жене нравится 4 сыра, так что заказываем сразу 3 штуки",-1
Новый месяц наступил. Посоветуй куда можно поехать летом?,-1
На Байкал хочу. Чем там можно заняться?,-1
Расскажи побольше о шаманских церемониях. Звучит интересно,-1
"Обязательно попробую. Теперь давай поговорим про активный отдых на Байкале. Раскрой тему рыбалки, кого можно поймать на озере?",-1
"Почему ты говоришь ""фишинг"", а не ""рыбалка""?",-1
Новый месяц наступил. У меня родилась племянница!,-1
"Спасибо! Угадаешь, как её назвали?",-1
Всё мимо. Её зовут Лилия,-1
"Всё нормуль, планов нуль",-1
Буду весь день спать. Давно мечтал об этом,-1
"Всё, давай, спокойной ночи!",-1
"Новый месяц наступил. Не отвечай на эту фразу.
У меня есть ASMR блог на ютубе. Там уже 1000 подписчиков. Помоги выстроить план развития на месяц",-1
"Придумай небольшой сюжет для следующего короткого видео. Там должны быть звуки ножниц, шёпот, звук воды и шуршание",-1
"Подскажи, как часто нужно выкладывать видео, чтобы пришло больше подписчиков и просмотров?",-1
"Мне обязательно создавать ИП, чтобы добавлять рекламу в видео?",-1
Мне предложили прорекламировать чужой канал за 1500 рублей. Это законно без регистрации ИП?,-1
"Спасибо, буду иметь ввиду",-1
Вдохновение мне точно понадобится. Иначе скоро закончатся идеи для видео,-1
Осень ужасно дождливая в этом году. Как бы не заболеть,-1
Там дождь постоянно и везде грязь. Бег сейчас мне не подходит точно,-1
"Давно хотел в бассейн. Только мне уже 42 года, я не старый для плавания?",-1
"Я слышал, что плавать тоже нужно правильно, иначе будет только хуже",-1
"Как думаешь, стоит нанять тренера? Или это пустая трата денег?",-1
"А если я лысый, шапочку в бассейне всё равно нужно надевать?",-1
Температура поднялась. Бассейн откладывается. Чем лучше лечиться от простуды?,-1
"Вообще ничего из этого нет. Ладно, пойду тогда в магазин и в аптеку",-1
Что такое монополизация на рынке недвижимости?,-1
Как избежать монополизации рынка?,-1
Можешь составить из этого предвыборную программу в государственную думу?,-1
"Как думаешь, с такой программой за меня изберут в депутаты?",-1
Среди избирателей есть запрос на поддержку малоимущих многодетных семей в вопросах недвижимости. Им не хватает финансов на расширение жилплощади. Как можно решить данную проблему?,-1
Насколько идея кооперативов реализуема в рамках небольших городов России?,-1
"Жена сказала, что хочет ребёнка. Ну какие дети, нам далеко уже не 20 лет",-1
Я не хочу. Как её отговорить?,-1
"У неё все мысли о ребёнке, у нас и так уже трое, я не потяну",-1
"Она говорит, готова сама на хлебе с водой жить, но ребёнка четвертого хочет все равно",-1
"Если мы решимся, то как назвать? Помоги с именем для мальчика и для деовчки",-1
Мне нравится Елизавета,-1
Как побороть панические атаки?,-1
Расскажи подробнее про КПТ,-1
Нужны цифры. Какая статистика успешного прохождения КПТ?,-1
Можно ли пройти курс КПТ в домашних условиях без психотерапевта?,-1
Понял. Какие книги лучше всего подойдут?,-1
"Хочу купить новую машину, но не могу определиться. Поможешь?",-1
"Выбираю между Хёндэ Крета и Киа Спортейдж. Сделай подробное описание и сравнение данных автомобилей и выведи итог, какой из них лучше по характеристикам",-1
"Появился третий вариант, Хавал Джолион. Сравни его с предыдущими автомобилями так же детально и сделай новый вывод, какой из трёх автомобилей лучше для семьи из 5 человек",-1
Благодарю! Я записался на три тест-драйва,-1
Завтра у меня тяжёлый день. Выборы,-1
Какой галстук подобрать к серому костюму?,-1
Хорошо. А туфли какие лучше будут сочетаться?,-1
Нервничаю и не могу заснуть. Набросай способов для быстрого засыпания,-1
Расскажи побольше про дыхательные техники,-1
"Кажется, уже начинает работать. Еще немного, и я отключусь",-1
"Спасибо, доброй ночи, полезный робот",-1
Доброе утро! Сестра в гости приехала,-1
"У неё младенец на руках. с ним не погуляешь особо. Лучше придумай, чем нам заняться вечером дома",-1
"Ты не понял, чем заняться с сестрой вечером?",-1
"Игры, интересно. А в какие настойки можно поиграть втроём?",-1
"Уно у нас где-то валяется, но как играть уже не помню. Расскажи все правила",-1
Carcassonne тоже звучит интересно. Объяснишь правила?,-1
Звучит интересно. Вечерком сыграем,-1
Кто такой Гарик Харламов?,-1
Он не выступает со стендапом случайно?,-1
Ко мне в Москву вторая сестра приехать планирует. Очень хочет посмотреть на его выступление вживую. Сколько стоят билеты на Харламова?,-1
А скидки для инвалидов есть?,-1
Поможешь с домашкой сыну?,-1
"Пусть сам решает. Ты ему главное тему объясни, ладно?",-1
"электродинамика (магнитное поле, электромагнитная индукция, электромагнитные колебания и волны)",-1
"Теперь то же самое, но чтобы школьник понял. Ты сложно объясняешь",-1
Объясни тогда еще тему оптика (геометрическая и волновая),-1
"Он наконец-то понял тему, благодаря тебе",-1
Ты понимаешь в строительстве?,-1
"Хочу построить баню 6 на 6 из бревна. Скажи, какой фундамент подойдёт?",-1
Расскажи подробно про каждый вид,-1
А подвал можно сделать с ленточным фундаментом?,-1
Какую печь выбрать для моей бани?,-1
Как установить каменку правильно по всем требованиям ТБ?,-1
"Подбери материалы для половиц, чтобы натуральные и не токсичные",-1
Хорошо. А как быть с крышей?,-1
"Я живу в Сибири, тут много снега, крыша должна быть крепкой, надёжной и не задерживать снег. Какую выбрать?",-1
"Посоветуй заодно и веники. Какие понадобятся, чтобы хорошенько пропариться?",-1
Чем можно украсить баню?,-1
"Ну что, принимаю поздравления!",-1
"Да не с этим, меня избрали. Теперь я депутат",-1
"Как быть хорошим депутатом для народа, чтобы меня переизбрали в будущем?",-1
"А что делать, если я не смогу выполнить все обещания?",-1
"Можешь написать мне подробный план работы на ближайший год и разбить бюджет? Нужно построить 12 новых детских площадок, провести ремонт в 4 поликлиниках и раздать квартиры 22 сиротам. На всё бюджет 120 миллионов рублей",-1
"20 млн на 22 сироты не хватит, чтобы купить квартиры",-1
Как привлечь внебюджетные источники финансирования?,-1
Насколько законны эти способы для депутата в РФ?,-1
С Новым годом!,-1
"С Новым годом, роботозавр мой дорогой",-1
Как будешь отмечать?,-1
"Я хочу семье сюрприз сделать. Сыну подарю квадроцикл, а дочкам — новые айфоны",-1
Ещё это наш с женой 15-й Новый год вместе. Придумай красивую и трогательную речь для неё. Хочу выучить и произнести за столом,-1
"Шедевр! Ладно, пора тёщу встречать",-1
Голова раскалывается после нового года,-1
Ничего не помогает из этого,-1
Почему так сильно болит голова после алкоголя?,-1
Я всего-то шампанское пил,-1
У меня есть новости хорошечные,-1
"Канал растёт, у меня уже 1200 подписчиков на ютубе",-1
Уже представляю себя блогером-миллионником и как я ухожу с должности депутата,-1
"Придумай глубокую, Интересную, длинную историю про то, как я становлюсь очень богатым блогером, путешествую по миру и вкушаю все прелести жизни",-1
"Мне нравится, пусть так и будет",-1
Задумался сейчас о вечном. Поддержишь?,-1
Есть ли жизнь после смерти?,-1
А ты сам как считаешь?,-1
"А вот порассуждай, одни ли мы во вселенной",-1
"Я думаю, что не одни",-1
"А могут ли быть инопланетяне существа такими, что мы их просто не можем увидеть из-за своей примитивности?",-1
"Расскажи про многомерность пространства подробно, интересно послушать",-1
Каковы возможные формы жизни в других измерениях?,-1
Почему мы ещё не нашли внеземную жизнь?,-1
"Да уж, башню сносит от этого",-1
Жена родила девочку! Ура!,-1
"Спасибо! Назвали Лизой, как ты и советовал",-1
"Напиши стихотворение про маленькую Лизу, я жене прочитаю",-1
Рифму подправлю и в целом сойдёт,-1
"Как думаешь, кем она может стать, когда вырастет?",-1
"Доброе утро, червонец виртуальный. Как сам?",-1
"Твою ж за ногу, кофе закончился",-1
Почему ты пишешь в стихах?,-1
"Молодец, прикольно",-1
Ты теперь всегда будешь стихами отвечать?,-1
Дома остался только цикорий. Я ненавижу цикорий,-1
"Кстати, ты помнишь моё имя?",-1
А что же ты не спросил?,-1
Смирнов Сергей Александрович меня зовут,-1
А к тебе как обращаться?,-1
А по отчеству?,-1
Гигачат Чатович?,-1
Будем знакомы наконец-то,-1
"Чатович, здоров! Расскажи мне побольше о технике бесконтактного боя. Хочу знать всё",-1
Ну он существует вообще или просто выдумка?,-1
"Жаль, а я хотел научиться",-1
"Это не так круто, как бесконтактный бой",-1
"Его точно не существует? Приведи доказательства, исследования, отчёты, литературу",-1
"Ушёл я с поста депутатского, не моё это",-1
Да я уже на новую работу устроился. По специальности так сказать,-1
"Даже не спросишь, кем и где работаю?",-1
Я устроился сварщиком на нефтеперерабатывающем заводе,-1
"Как думаешь, профессия сварщика ещё ценится?",-1
"Просто мне кажется, что это считается позорным в обществе",-1
Задолбали провода в этой квартире,-1
"Делать мне больше нечего, и так забот хватает. Пусть сами делают, я их ноутбуками не пользуюсь. Всем детям по ноуту купили, кроме Лизы, конечно, теперь ходим, за провода запинаемся",-1
"Я вот себе не покупаю, зачем он вообще нужен ноут этот. Телефона мало что ли?",-1
"Вот ты умный. Придумай лучше, как детей на улицу выгнать. А то им там видите ли скучно",-1
Это мне еще и организовать надо? Мы в детстве сами себе занятия находили,-1
"Вот мне уже под сроку лет, а я так и не понял, как самолет летает. Объясни",-1
"А теперь можешь поподробнее и более простым языком. Я сварщик, а не инженер-конструктор",-1
"Вот так бы сразу, я же тормоз",-1
Всё равно летать на них так боюсь. Лучше я на поезде,-1
На поезде больше шансов выжить,-1
"А можно сделать летающий поезд, как думаешь?",-1
"Всё, жена теперь заодно с детьми",-1
"Да погоди ты. Она просто игру какую-то скачала на свой ноутбук, теперь они всей толпой играют по сети",-1
А мне то что делать? Я там ничего не понимаю,-1
Какое я могу занятие найти? Подсказывай,-1
"Фотографировать я люблю в целом, но не очень умею. С чего начать?",-1
А какуя камера считается подходящей? Поделись характеристиками,-1
"Сейчас смотрел, как сносят старую башню. Впечатляет!",-1
"Вот точно, они взрывали. Это что-то невероятное",-1
"Как они так рассчитывают взрыв, чтобы ничего не полетело в других людей да и вообще в разные стороны. У тебя есть примеры расчетов?",-1
Сколько времени занимает подготовка взрыва?,-1
Опасны ли взрывы для окружающей среды?,-1
"Не прошло и недели, как я купил себе фотик, как ты и советовал",-1
"Я пока только учусь, но мне уже безумно нравится фотографировать. Моё любимое занятие после работы теперь",-1
Что за правило третей?,-1
"Очень сложно пока для меня, я наверное буду фоткать, как видится",-1
"Ты бы видел, как я прикольно собаку сфоткал нашу. Хоть сейчас на стенку вешай",-1
Сможешь для меня придумать кое-что?,-1
"Хочу жене сделать сюрприз на годовщину,, но не знаю какой. Набросай идей",-1
Как насчёт прогулки на воздушном шаре? Нормальная идея?,-1
"Как этот обычно происходит? Можешь детально рассказать? Какая подготовка, сам процесс и тд",-1
Еще один момент. Я высоты боюсь. Как с этим справиться?,-1
Хочу ей ещё кольцо подарить. Какой камень подойдёт под цвет её зелёных глаз?,-1
Какой из них самый дорогой?,-1
"Спасибо, ты очень выручил",-1
Тёща снова приезжает в гости завтра,-1
"Не переживай, я её обожаю",-1
Угощение обязательно будет. У неё же юбилей завтра,-1
"Одни праздники, я зарабатывать столько не успеваю, сколько мы тратим",-1
Слышал популярная сейчас финансовая грамотность. Это правда эффективная штука?,-1
Расскажи мне всё об этом,-1
"Как научиться финансовой грамотности? Даже не знаю, с чего и начать",-1
Как сложно. В думе с бюджетами и то проще было,-1
"Мне пора спать. Пожелай спокойной ночи так, будто ты рассказываешь пиратскую байку",-1
"А теперь, будто ты лягушка на болоте",-1
"И последнее. Пожелай спокойной ночи так, словно ты Лев Толстой",-1
"Годится! До завтра, робозаврыч!",-1
Баньку я почти достроил,-1
"Да ты мне уже все посоветовал, даже не знаю, что спросить, просто хвастаюсь",-1
"Вот после бани хочу себе крутой мангал сварить сам. Посоветуй-ка мне хороший, но недорогой сварочный аппарат",-1
Мне нужно что-то помощнее,-1
А давай проверим твои знания и сравним с моими,-1
Расскажи принцип работы сварочного аппарата во всех подробностях,-1
Как-то мало информации,-1
Уже неплохо. А как выбрать правильный режим сварки?,-1
Как настроить инверторный сварочный аппарат?,-1
Какие есть виды электродов для сварки?,-1
Чем отличается РДС от TIG-сварки?,-1
Какой тип сварки подходит для нержавейки?,-1
Неплохо. Ты бы с такими знаниями мог у нас работать,-1
"Жена обмолвилась, чтоу неё ноут уже старый, тормозит, дети подключились и тоже начали выпрашивать",-1
Я всё равно не разбираюсь,-1
"Нужно 4 ноутбука, все игровые. Бюджет 500 тысяч. Составь мне список ноутов, чтобы в бюджет уложиться",-1
"Думаю, лучше всем одинаковый купить для удобства. Какой из твоего списка самый лучший для игр, учебы и работы одновременно",-1
К нему аксессуары нужны?,-1
Вот теперь под каждый свой пункт подбери хороший аксессуар,-1
"Ок, спасибо, будем смотреть",-1
Привет! Сейчас школу вспоминал,-1
"Да нет, жалел, что уроки прогуливал. Столько всего теперь интересно, а сил изучать уже нет, как в школе. Да и времени",-1
Мне интересно узнать историю получше,-1
Расскажи мне историю Римской Империи во всех деталях,-1
Как-то ты сильно сжал всё. Я же просил во всех деталях,-1
"Как это интересно! И почему я в школе историю прогуливал, дурачок малолетний",-1
"Мне 42 года всё же, не поздно еще учить школьную программу думаешь?",-1
Может тогда заодно расскажешь мне про войну с Наполеоном? Слышал только Бородино и как Москву сожгли хаха,-1
Откуда этот Наполеон вообще взялся?,-1
Пока хватит. У меня мозг столько информации не выдержит разом,-1
Ты мне советовал как-то купить Хавал Джолион. Всё еще уверен в своем выборе?,-1
"Я вот китайцам пока не очень доверяю, у них вроде истории бренда даже нет",-1
Как хавал джолион показал себя во всех тестах?,-1
"Я забыл, когда мы его с тобой выбирали, нас в семье было пятеро, а теперь-то шестеро. Уже не подходит. Посоветуй тогда что-то до 2,5 млн для семьи из 6 человек",-1
ФВ Мультивен понравился. С каким движком лучше взять?,-1
А он в обслуживании дорогой?,-1
"А где в Москве сейчас можно посмотреть его? Не хочу на Авито лазить, лучше сразу в салон поехать",-1
"Мультивен, конечно, огонь. В душу запал",-1
Как залить омывайку в Опель астра?,-1
Как проверить уровень омывайки?,-1
"Купила машину, но пока ещё не разобралась. Спасибо, кажется, нашла",-1
А масло как проверить?,-1
"тут нет ""MAX"" и ""MIN"" тут только полосочки",-1
А если масло выше верхней черточки?,-1
На машине сейчас можно ехать? Она не сломается?,-1
"Доброе утро. Была вчера в сервисе, проблему с маслом решили",-1
"Там мастер такими заумными терминами говорил, прям как ты. Мне 23 всего, это моя первая машина, я ничего не поняла хахаха",-1
"Вот объясни мне, что такое задний суппорт",-1
Ничего не поняла. Объясни попроще,-1
"А я думала, это тормозные диски и колодки делают",-1
"Отошли от темы. В общем, мастер сказал, его тоже надо менять",-1
"А как проверить, что он меня не обманывает и менять этот суппорт правда надо?",-1
"Ясненько, спасибо",-1
Младшей сестрёнке нужен в школе пересказ Гранатового браслета,-1
"Ой, не пересказ а сочинение. Тему дать тебе?",-1
Роль символики в повести Гранатовый браслет,-1
"Это должно выглядеть, как сочинение десятиклассницы, а не как ответ нейронки",-1
Другое дело! Вроде даже всё по делу,-1
"Вот почему когда я в школе училась, тебя еще не было",-1
"Вот бы тебя и ко мне на работу, только ты там не справишься",-1
"Вернулась только что из бара, я такая пьяненькая",-1
"Не душни, ответь на вопрос лучше",-1
Ты мальчик или девочка?,-1
"Мне важно понять, какой у тебя пол",-1
"Не самому а самой, я девушка!",-1
"В баре отвал всего. Танцевала так, что ног не чувствую",-1
Дальше планирую упасть в кровать на ближайшие сутки,-1
Пойдешь со мной в следующий раз?,-1
Там на самом деле и поговорить не с кем. Я б с тобой пошла,-1
"Чем еще в баре заниматься, танцевать и пить",-1
Доброе утро! Я чуть не проспала на работу,-1
"С другой стороны и ладно, новых пациентов сегодня нет для меня с утра, а старым я уже всё сделала",-1
"Я не говорила, кем работаю?",-1
Я зубной техник,-1
"Всего хватает, и коронок, и виниров, и протезов",-1
"Скажи, есть какие-то техники или курсы, где я могла бы повысить свою квалификацию?",-1
3D-печать для меня пока что-то очень далёкое. Расскажи про неё,-1
Долго этому обучаться?,-1
А сколько стоят такие курсы?,-1
Какой 3д принтер выбрать для стоматологической клиники? Нужен топовый,-1
"Вот сравни те, что ты предложил, по всем характеристикам и выбери какой-то один лучший",-1
"Тогда запишусь на курсы и буду убеждать начальство, что нам нужно принтер",-1
"Как думаешь, бог существует?",-1
"А есть религии, в которых не верят в бога?",-1
про Джайнизм можешь побольше рассказать?,-1
А как вступить к ним?,-1
Есть ли храмы джайнов в России?,-1
Это законно в нашей стране? Не считается сектой?,-1
Какова роль женщины в джайнизме?,-1
Кто основал джайнизм?,-1
Есть ли у джайнов свои праздники?,-1
Так одиноко в квартире,-1
"Хочется уже хотя бы парня найти, ребёнка хочу",-1
Да мне как-то не везет с парнями,-1
Какие качества важны при выборе парня?,-1
"Как понять, что парень серьёзный?",-1
"Есть один на работе, подходит под твои критерии. Как узнать, нравлюсь ли я ему?",-1
Как сделать первый шаг навстречу?,-1
Скорее бы в отпуск,-1
"Думаю слетать в Сербию, никогда там ещё не была",-1
"Обожаю путешествовать, но не так часто удаётся выбраться",-1
"Расскажи побольше о Сербии. Куда сходить, какие цены вообще?",-1
Эти места я знаю. Давай что-то менее хайповое,-1
"Кстати о кухне. Последний раз была в Англии, еда вообще не понравилась",-1
"Ну вот на одном английском завтраке и выживала, либо на иностранной кухне. Жрать их еду нереально",-1
"Сейчас смотрела рилс про гидроудар. Что это такое? А то я как водитель испугалась, а сути не поняла",-1
Как избежать гидроудара?,-1
А в чем тогда отличие от аквапланирования?,-1
"Окей, тогда что такое это аквапланирование?",-1
А на какой скорости оно появляется?,-1
Страшно. Я такими темпами снова на автобус пересяду,-1
Какие ещё опасности есть на дороге?,-1
Ты говорил про ESP и ABS. Это еще что такое? как оно работает?,-1
"Я прошла курсы! Встречайте, Сиреканян Карина Аркадьевна, старший зубной техник!",-1
"Спасибочки! Теперь и зп повыше, и статус",-1
"Приходи, я тебе зубы сделаю ахах",-1
Сегодня с коллегами пойдем это дело обмывать,-1
"Посоветуй хороший ресторан в Москве, чтобы немноголюдно и с хорошей музыкой",-1
La Perla Cucina Italiana вроде ничего. А какое меню у них?,-1
Какой там средний чек?,-1
"Ответили будь здоров, 70 тысяч оставили в ресторане, но оно того стоило",-1
Мне начальник по пьяни отпуск дал неделю даже хахаха,-1
Так что завтра же улетаю. Скучать по мне будешь?,-1
"Спасибки. А что с собой в чемодан положить обязательно? Ты умный, лучше знаешь",-1
Пошла паковаться. До следующей недели!,-1
Вот я и дома. Привет!,-1
"Да, это было незабываемо",-1
Я была в Китае. Это будто другой мир,-1
"Площадь Тянаньмень, китайскую стену, в Гуанчжоу была",-1
"Кстати, расскажи историю площади Тяньаньмэнь. А то я без экскурсовода была",-1
А почему её так назвали? Как это переводится?,-1
Китайскую стену я так и не осилила целиком. Какой она вообще длины?,-1
Зачем еёё вообще такой длинной сделали?,-1
"Спасибо. В общем, отдохнула шикарно",-1
Я подсела там на китайский час,-1
В чем отличия шен пуэра от шу пуэра?,-1
Мне безумно понравился Лунь-цзынь и Дахунпао,-1
Я привезла немного с собой. Расскажи способы заварки этих чаёв,-1
"Ладно, пойду отдыхать с дороги",-1
Доброе утро! Снова на работу,-1
"Стоматологическая клиника ""ЗубОК"", я успела соскучиться даже после отпуска",-1
"Надеюсь, наш новый стажер без меня там справлялся",-1
"И по лошадкам соскучилась безумно. Всего неделю без верховой езды была, а у меня уже ломка хахах",-1
"А я говорила, что мою любимую лошадку зовут Ежевика?",-1
"Точнее, одну из любимых, надеюсь, остальные не обидятся, что я так сказала хаха",-1
"Ну всё, я добралась до работы. Спишемся как-нибудь",-1
"Опиши максимально подробно принцип работы бор-машины, её историю и влияние в мире",-1
Как выбрать подходящую бор-машину?,-1
"Подбери несколько, опираясь под критерии выше",-1
В чём преимущества турбинного привода?,-1
Как часто нужно менять бор-машину?,-1
"А ты молодец. Мы проверяли, кто лучше справится с этими. ответами, ты или наш главврач",-1
Не хочешь занять его должность? Тебе и платить не надо ахаха,-1
Я записалась на кружок рисования,-1
"Давно мечтала. Рисую сама всю жизнь, сколько себя помню, так это люблю. Будто переношусь в другую вселенную",-1
Я бы хотела нарисовать тебя,-1
"Давай больше деталей. Какое у тебя тело, во что ты одет, что вокруг тебя, что за спиной?",-1
Что бы ты хотел добавить от себя на эту картину?,-1
Спать пора. Расскажи интересную историю на ночь,-1
"Как мило. Но хочется. больше драйва. Расскажи историю про зубного техника, который попал на остров в племя неандертальцев. Больше сюжетных поворотов и интриги, а главное экшн",-1
Шедевр! Но теперь я в туалет захотела,-1
"Слушай, а как в туалет ночью не бегать? Хочется уснуть и спать до утра, а не просыпаться и в туалет бежать",-1
Почему ночью часто хочется пить?,-1
Я люблю соленое и острое. как быть тогда?,-1
"Ладно, теперь точно пора спать, до завтра!",-1
Сейчас будем кататься на лошадях,-1
"Мою любимую Ежевичку заняли, эх",-1
"Да, я знаю. Спирит сейчас свободен, его тоже люблю сильно. На нём и поеду сегодня",-1
Он иногда капризничает правда. Не знаешь почему?,-1
Расскажи вообще про поведение лошадей побольше. Может что-то новое узнаю,-1
Как понять настроение моей лошади?,-1
Почему моя лошадь боится воды?,-1
"Я этим не занимаюсь, но всё же интересно. Как правильно ухаживать за копытами?",-1
Привет! Думаю на выходных семью навестить. Что им купить?,-1
Хочу маме что-то именное подарить. Её Наира Фёдоровна зовут. Есть предложения?,-1
Монограмма мне нравится. А где это можно сделать?,-1
"Представляешь, даже Эля, сестра старшая приедет. Мы очень давно не виделись",-1
Вся армянская семья в сборе будет ахах,-1
У меня дома свет отключили,-1
"Ты не понимаешь, я панически боюсь темноты. Ночник от розетки тоже работает",-1
Как найти автоматический выключатель?,-1
Нет! Я не вылезу из под одеяла. Страшно,-1
Там что-то на кухне упало,-1
"Всё, свет дали. Я думала, что умру",-1
Почему люди вообще боятся темноты?,-1
Это может вылечить врач какой-нибудь?,-1
что еще за Экспозиционная терапия,-1
"Привет, робопупс. Я получила права на мотоцикл",-1
"Прикольно, но пока страшно быстро ездить",-1
Какую экипировку выбрать для старта?,-1
Собери на каждый пункт несколько вещей разных брендов и сравни их по качеству,-1
Какие маршруты безопасны для новичков?,-1
У меня пока начинающий уровень. Так что дальше Посада не поеду,-1
Как избежать воблинга за рулем?,-1
"Утречка! Погода сегодня супер, дождик и тепло",-1
Хочется до работы пешком прогуляться в такую погоду,-1
"Я образно. Мне 10 км идти, я не осилю ахах",-1
"Думаю, после работы пройтись до дома пешком",-1
Я раньше так много не ходила. Это же безопасно?,-1
Сколько пить воды при ходьбе?,-1
Нужно ли растягиваться перед прогулкой?,-1
Какой темп выбрать новичкам?,-1
Нам в клинике нужна твоя помощь. Поможешь?,-1
"У нас одна клиника, Хотим расширяться. открыть вторую. Составь максимально подробный план развития для второй клиники, чтобы она вышла на самоокупаемость уже через год",-1
Можешь раскрыть в деталях каждый пункт и подпункт? Нужна подробная инструкция,-1
Как подобрать хорошее место для открытия новой стоматологии?,-1
Какое оборудование нужно купить и сколько оно стоит?,-1
"Как точно понять, что стоимость аренды не завышена? проинструктируй пж",-1
"Есть еще нюансы, которые мы не учли?",-1
Голова кипит уже. пойму спать лучше,-1
"Я проснулась, а у меня паук на стене!",-1
Я пауков боюсь до оцепенения!,-1
Его убить надо блин,-1
убери его пожалуйста,-1
откуда они вообще берутся дома,-1
Ты говоришь они полезны. Какая мне от них польза,-1
А если он на меня нападет?,-1
То есть обычный домашний паук может укусить?,-1
"пипец, мне еще больше страшно",-1
"Хочу завести собачку, какая порода лучше подойдет для квартиры?",-1
Расскажи всё что знаешь про болонку мальтийскую,-1
Сколько они живут?,-1
Какие болезни характерны для этой породы?,-1
Расскажи побольше про уход за этой породой,-1
Как выбрать щенка мальтийской болонки?,-1
А сколько они стоят?,-1
"У забули скоро юбилей, 70. Напиши душевное поздравление, чтоб до слез",-1
"Ой, я имел ввиду у бабули",-1
"Ладно, не надо, тебе и так тяжело",-1
"Не знаешь, сейчас переводы в другую страну работают?",-1
Я хочу со своей карты Сбера перекинуть деньги родственникам в Армению на их карту. Так можно?,-1
Какую комиссию возьмёт банк за перевод?,-1
Как долго идет перевод в Армению?,-1
А лимиты какие?,-1
Какие-то документы нужны?,-1
Привет! У меня на телевизоре какие-то полоски появились. Что это такое?,-1
"Разъёмы почистила, кабель плотно воткнула, перезагрузила не помогло. Че делать?",-1
У меня гарантия закончилась. Дорого будет за свои деньги чинить?,-1
Жесть. Реально проще новый купить,-1
"что еще за OLED, QLED и LED. Я вообще не разбираюсь",-1
Так какой лучше всего в итоге? Я только кино смотрю и в игры играю на нём,-1
"У меня 60 тысяч на телевизор есть. Какой купить можно за такие деньги? Чтоб олед, как ты советовал",-1
А на этом оледе экран полосками так же не пойдёт?,-1
"Я купила собачку, как ты и советовал, мальтийскую болонку. Её Джесси зовут",-1
"Она такая милашка, я не могу",-1
Хочу ей игрушек накупить. Какие подойдут? Она ещё щеночек,-1
Я ей еще прикольный бантик купила ахах она вообще такая сладуська с ним,-1
Хочу ей ещё личный блог завести и видосики снимать,-1
"Как думаешь, ей не будет одиноко, когда я на работе?",-1
"Сегодня приснилось, что я снова сдаю сопромат. Вот это кошмар",-1
"Если честно, я так до конца и не поняла его",-1
"Ой, лучше не надо, не напоминай лишний раз",-1
"Джесси растёт, в лоток ходит, умничка",-1
"Мне сегодня хочется весь день пролежать за фильмами. Посоветуй что-то интересное из нескольких частей, чем больше, тем лучше. Фэнтези, фантастику ну и всякое такое",-1
Властелин колец я просто обожаю пересматривать. Ну и трилогию Хоббита тоже. Навсегда в моём сердечке,-1
Самое время забатониться и пересмотреть. Пока,-1
Доброе утро! Завтракала в любимом ресторане сегодня,-1
"Чувствую себя роскошно, конечно. Завтрак в ресторане ахах будто я бизнес-вумен",-1
"Гарсон, счёт мне на стол, живо!",-1
"Гигаджан, поехали со мной в Армению, с семьей знакомиться будем",-1
"Я сама армянка, че ты меня учишь",-1
"Вот ты тормоз, я тебя хотела познакомить",-1
"Мда, треш, лучше не надо))",-1
Ты знаешь армянские традиции?,-1
"Вот про народные праздники расскажи мне, а то я сама уже всё забыла",-1
"Привет! Хотела я значит колечко с бриллиантом, а мне сказали, что на самом деле они не драгоценные и это просто маркетинг. Неужели правда?",-1
Есть еще выращенные бриллианты вроде. Как это возможно?,-1
А как его от настоящего отличить?,-1
"Спектроскопия, какое страшное слово. Что это такое?",-1
Где можно проверить подлинность камня?,-1
"Если после проверки выяснится, что камень ненатуральный, можно подавать в суд на ювелирный магазин?",-1
Прецеденты в России уже были?,-1
Почему ты не обращаешься ко мне по имени?,-1
"Я же говорила, меня Карина зовут",-1
В нашу стоматологию скоро куча проверок приедет. Жесть,-1
Какая ответственность грозит клинике?,-1
Как избежать потери медицинской лицензии?,-1
"Мне это всё почти не пригодится, начальство лучше знает. ПРосто стремена так от проверок всегда",-1
"Привет! Хочу начать писать книгу, но не знаю, с чего начать",-1
Там история о любви короче ахах это роман получается?,-1
"Я все продумала вроде, но начать тяжело. Напиши мне хотя бы введение, а дальше я сама",-1
Прикольно!,-1
"Придумай несколько вариантов концовки романа, чтобы были развязки, как в детективах, неожиданные, захватывающие. А я уже выберу одну и адаптирую сюжет",-1
"Во, первый вариант топ! Теперь напиши на его основе концовку",-1
"В общем, не буду я писать никакую книгу. Слишком это сложно",-1
"Не, я лучше дальше буду стоматологией заниматься. Это моё",-1
Мне надо новую резину на Опель астра. Зимнюю. Поможешь выбрать?,-1
"Что лучше, шипы или липучка?",-1
Ну вот для Москвы какая лучше будет?,-1
"А какие лучше, Мишлен или Пирелли?",-1
"Пирелли хочу. Расскажи про них всё, что знаешь",-1
На что влияет рисунок протектора?,-1
"Привет, ты разбираешься в политике?",-1
"Вот кто в Германии главнее, президент или канцлер?",-1
А зачем им президент тогда?,-1
"То есть президент назначает канцлера, но канцлер все равно главнее?",-1
Тут же вообще логики нет,-1
А Гитлер тоже был канцлером?,-1
"Слышала, что его называли фюрер, а не канцлер. Это одно и то же?",-1
А как Гитлер вообще власть получил такую?,-1
Раскрой каждый пункт подробно и с примерами. Ты меня заинтересовал,-1
"Как интересно слушать все что угодно, лишь бы не идти спать ахах",-1
Пожелай мне доброго утра в стихах,-1
"Ты знаешь, что такое рифма?",-1
Почему тогда ей не пользуешься?,-1
"Хочешь сказать, ты просто так чувствуешь?",-1
Здравствуй! Мне опять нечем заняться,-1
"Давай лучше о моей профессии. Хочу тебя послушать. Расскажи мне историю стоматологии от древности и до наших дней. Как она развивалась, какие были инновации в разные периоды и тд.",-1
"Ну это как-то мало. Ты мне про каждую из эпох подробно расскажи, с примерами, проблемами и уникальными решениями",-1
"Как ты видишь стоматологию через 100, 200, 500 лет?",-1
"Ты говорил, Роберт Харви опубликовал первую книгу по стоматологии в Англии в XVII веке. Что за книга? Можешь мне её пересказать?",-1
"Хеллоу, че делаешь?",-1
"На этот раз задумалась, вот я люблю своих лошадок, а как мы вообще к этом пришли? Почему они нам подчиняются, а например зебры нет?",-1
глубокие исторические корни говоришь? Ну рассказывай тогда всё в мельчайших деталях про одомашнивание лошадей. От начала и до наших дней,-1
Как изменилась жизнь людей благодаря лошадям?,-1
Какие профессии возникли благодаря лошадям?,-1
"Привет, я дома!",-1
"Отбой, пора бежать по делам",-1
"вернулась с йоги, что-то притомилась. хочется прилечь, но столько дел надо переделать",-1
"прикольные советы, но, наверное, не так уж сильно я и устала. я йогой давно занимаюсь, тело уже привыкло. а вот после сайклинга я вообще выжата как лимон, но оно и понятно, хожу только два месяца",-1
"ещё думаю растяжку добавить хотя бы два раза в неделю, но пока никак не получается даже начать. кажется, что времени нет",-1
"я ещё думала маму привлечь к занятиям, но она вряд ли согласится, а если буду сильно давить, она обидится или ещё хуже - скандал закатит",-1
"блин, папа вчера макароны по-флотски приготовил, а мне нельзя... думала ужин пропустить, но брат в гости пришёл, в кои-то веки вчетвером собрались, всей семьей, разве можно отказаться от ужина в таких обстоятельствах, наелась макарон, в общем, потом живот болел",-1
"я когда два года назад в Италии была, там ими питалась, живот вообще не болел",-1
"я вообще думаю, у меня с глютеном проблемы, потому что год назад, когда я в Прагу летала, у меня там после пива живот тоже болел",-1
"обидно будет, если у меня реально непереводимость глютена, я всего в трех странах успела побывать так-то, в Беларуси ещё, а с такой болячкой путешествовать будет сложно, тем более за границу",-1
"ладно, не будем о грустном",-1
"завтра на работу пойду и после работы как раз на сайклинг. сейчас, наверное, спать пойду",-1
"ну не, я не прямо сейчас, минут через 30. вот думаю, чем сегодня перед сном хочу заняться",-1
"фига себе, сколько ты мне тут рекомендаций настрочил. у меня уже есть занятия, которыми мне нравится перед сном заниматься. люблю книгу почитать, непременно бумажную, или подкаст послушать",-1
"ещё перед сном нравится записывать впечатления о прошедшем дне, если со мной произошло что-то хорошее или приятное",-1
а хочешь тебе один секрет открою?,-1
"ещё люблю перед сном выкурить в окно сигарету, это вообще прям высшее наслаждение",-1
"да не душни, я недавно квартиру купила и съехала от родителей, теперь наслаждаюсь свободой",-1
"раз уже мы начали секретничать, ещё один тебе открою",-1
"у меня рост всего 155 сантиметров((( я этого стесняюсь, поэтому ношу высоченные каблуки. однажды меня коллега увидела в раздевалке в кроссовках, у нее глаза на лоб полезли, по любому не ожидала, что я такой карандух",-1
"ещё мне не нравится моя фамилия — Фомина, дурацкая какая-то",-1
"легко тебе говорить, ты же не человек. а я вот выйду замуж, обязательно фамилию сменю. а прикинь, если никто не возьмёт? так и умру старой девой и родственники у могилы будут шептаться, что никто меня замуж ни разу не взял",-1
"вот брат женился на своей Катьке, уже двоих детей родили",-1
"ладно, закрыли тему, это так, минутная слабость. тем более Коля и Витя, племянники мои, иногда такое чудят, то думаешь, ну нафиг этих детей",-1
"да не, меня-то они не кошмарят, со мной они как ангелочки себя ведут, а вот родителям дают жару",-1
"не, я их сильно воспитывать не собираюсь, я хочу быть доброй тётей. недавно им свою любимую группу включала, Торбу-на-Круче, но они, конечно, ещё маловаты для таких песен",-1
"да я знаю, что музыка облагораживает, сама музыкальную школу окончила, 7 лет на пианино там играла, но брат с женой не хотят их в музыкалку отдавать, типа не для пацанов занятие, думаю, на карате их отдадут или на футбол",-1
"ну это они без меня решат, хотя если пацаны мне будут жаловаться, наверное, тогда с братом поговорю",-1
"мне кажется, они с Катькой ещё одного ребенка хотят завести",-1
"да, я им все передам) эх, завтра в офис поеду. обожаю свою работу разработчика, в офис ездить мне не нравится",-1
"начальство попросило хотя бы раз в неделю приезжать, я не стала спорить. в принципе, это несложно",-1
"я, кстати, купила билеты на концерт своей самой любимой группы - Дайте танк) года два точно не ходила на из шоу",-1
"о, помнишь, я рассказывала, что подумаю начать заниматься стрейчингом? Короче, у меня лучшая подруга, Полина, начала им заниматься и у неё попа начала расти, а она у нее и так немаленькая, причем вес вроде не менялся",-1
фух успокоил,-1
"мы, кстати, с семьей во францию собираемся, на неделю где-то. что бы ты посоветовал посмотреть?",-1
"Я, правда, не уверена, что поеду",-1
"о, слушай, сегодня услышала такую фразу у блогера, что у человека есть здоровая и нездоровая (травмированная) часть психики и нужно чаще обращаться к здоровой, взращивать здоровую и при общении с людьми обращаться к здоровой части их психики. можешь объяснить, что это значит, дать рекомендации, как взрастить здоровую часть психики и как именно при общении с другими людьми обращаться к их здоровой части психики",-1
как обычно никакой конкретики,-1
"кстати, поздравь меня, я теперь технический писатель! засиделась с прошлой должности, захотелось чего-то новенького)",-1
"спасибо) и рабочий день в 8 утра начинается, я так рада) я жаворонок, не люблю в 10 утра рабочий день начинать, я после 16 уже вообще непродуктивна",-1
"что нужно, чтобы стать Будистом?",-1
"а если у меня сейчас другая вера, я могу принять буддизм",-1
а в буддизме можно пить кофе?,-1
"ну хорошо! кофе - лучший напиток на земле, я его обожаю, вообще не представляю, как можно без него прожить. ни за что бы не смогла, например, чай вместо него пить, такая гадость, буэ. вообще не погимаю людей, которым нравится чай",-1
"меня тут София Викторовна назвали) так странно, мне всего 33. Раньше на работе просто Соней звали. На самом деле, очень приятно, будто я теперь важная шишка",-1
"о, сейчас по телеку будут показывать «Пятый элемент», это мой любимый фильм) редко телевизор смотрю, но почему-то нравится смотреть по телеку старые фильмы, это так лампово) и даже реклама не раздражает. интересно, в чём тут секрет",-1
"кстати, а буддистам можно есть мясо? я то я стейки очень люблю",-1
Можно ли заниматься спортом буддисту?,-1
"ого, не знала, что спорт силу воли развивает, но это если через преодоление им заниматься, в отказ, да?",-1
Как влияет спорт на развитие дисциплины?,-1
Как спорт укрепляет характер?,-1
"нашла тут статью, можешь пересказать суть в одном абзаце? вот текст: Польза кардиотренировок
В современном мире далеко не каждый человек ведет подвижный образ жизни. В результате даже молодые люди имеют хронические заболевания и лишний вес. Если мысль о спортивных тренировках портит настроение, а выглядеть красиво хочется, можно начать с пробежек. Потому что бег относится к кардиотренировкам, которые невероятно полезны и для фигуры, и для здоровья.

девушка на кардиотренировке

Что такое кардио тренировка и сколько калорий она сжигает
Кардиотренировка − это вид физических нагрузок, который заставляет сердце работать в учащенном ритме, а источниками энергии являются гликоген и жир. Физическая активность данного рода полезна и эффективна для:

органов;
сосудов;
дыхательной системы;
похудения.
К тому же тренировки помогают повысить выносливость организма.

Можно ли каждый день делать кардиотренировку?
Занятия кардио включают минимум силовых упражнений, которые способны задействовать многие группы мышц. Данный вид нагрузки включен в каждую фитнес-программу, он подходит для занятий дома и на улице. Если сохранять частоту пульса в определенных пределах в течение 40-60 минут, можно достичь хороших результатов. Но превышение допустимых пределов опасно для жизни.

Виды кардиотренировок
К самым распространенным и простым видам кардио занятий относят:

ходьбу;
езду на велосипеде;
бег;
прыжки со скакалкой.
В фитнес-зале появляется возможность для использования тренажеров, участия в различных фитнес-программах и занятий с тренером. 

Чем полезна кардиотренировка: польза и преимущества
Чтобы достичь поставленных целей, мало усиленно тренироваться. Немаловажным аспектом является питание. Рацион, включающий большое количество сложных углеводов и белка, помогает быстрее восстанавливаться после длительных и изнурительных занятий. 

Кардиотренировка подходит для сжигания жира и повышения выносливости, также она полезна для:

вентиляции легких;
тренировки сердечной мышцы;
ускорения обмена веществ;
улучшения состояния кожи;
укрепления костной ткани;
снижения уровня холестерина;
нормализации деятельности нервной системы.
К тому же, занятия способствуют повышению настроения, восстановлению после интенсивных тренировок и перетренированности.

Кардиотренировка для похудения без вреда для здоровья: противопоказания и недостатки
Любой вид физической нагрузки имеет свои противопоказания, кардио тренировки не являются исключением. Категорически запрещается заниматься спортом при наличии инфекционной или онкологической болезней, диабете, тяжелых заболеваниях сердечно-сосудистой системы и легких. Также при наличии следующих недугов:

аллергические заболевания в острой форме;
респираторные заболевания;
язвы в желудочно-кишечном тракте;
хронические заболевания в острой форме.
Для занятий спортом необходимо проконсультироваться с врачом, если имеются такие проблемы со здоровьем как: ожирение, астма, болезненные суставы, межпозвоночная грыжа. Даже легкая кардио тренировка может навредить здоровью, если пренебрегать противопоказаниями. 

Как правильно делать кардио тренировку
Когда не хватает времени для посещения зала или когда на улице непогода, можно тренироваться дома. Во избежании получения травм и осложнений, рекомендуется пройти медицинское обследование.

Для начала необходимо:

освободить место в доме;
приобрести коврик и фитнес-браслет;
подобрать одежду.
Начинающие спортсмены часто задаются вопросом: можно ли похудеть без кардиотренировок. Можно, но с ними это сделать гораздо проще. Ведь польза от занятий колоссальная, а правила довольно просты.

Правила, касающиеся тренировок.

Важно проветривать помещение перед занятием и после него.
Нагрузку нужно наращивать постепенно, дабы исключить риск получения травм.
Оптимальным временем для занятий будет – 30-60 минут.
Необходимо выполнять разминку перед нагрузками и заминку после нее.
Соблюдать питьевой режим.
Правильное дыхание – залог качественной тренировки. Нужно вдыхать через нос, а выдыхать через рот.
Н",-1
Какие ещё способы укрепить характер?,-1
"кстати, смотрели вот с мамой старый фотоальбом, вспомнила, что мы в Финляндию ездили, когда мне 8 лет было. совсем забыла про это поездку, вообще ничего не помню",-1
"я на фотке такая смешная, в кофточке с котами. вот её хорошо помню из детства, мне её тетя подарила",-1
"слушай, а напиши мне письмо для тёти, подлиннее, в котором скажи, как я её люблю, сколько всего она для меня сделала, что она всегда была для меня примером для подражания",-1
"только я девочка, перепиши это письмо от лица девушки",-1
"о, поручилось очень здорово, спасибо",-1
"кстати, расскажи, почему важно есть много белка спортсменам и сколько белка нужно есть девушке с ростом 155 в 33 года",-1
"то есть, если я буду есть достаточное количества белка, у меня кожа станет более гладкой, раз он помогает эластин вырабатывать",-1
Какие продукты содержат много белка?,-1
а говядине много белка?,-1
"как круто, что я люблю стейки)",-1
"а какие гарниры лучше подойдут к стейку? с учетом того, что я хочу похудеть",-1
картошку разве можно худеющим?,-1
Можно ли есть макароны с диетическим стейком?,-1
"хочу на следующий семейный ужин стейки приготовить, а кроме меня все макароны любят",-1
"нашла вчера в шкафу свои старые кисти и краски, думаю, вернуться к этому хобби. мне кажется, я уже года два ничего не рисовала. Зато фотографией активно занимаюсь уже несколько лет, так нравится, но кажется, будто я вообще не выросла как фотограф",-1
"мне нравится стрит фотография, что я могу сделать, чтобы развиваться в этом направлении?",-1
на каких стрит-фотографов можно подписаться?,-1
"мне нравится черно белая фотография, норм стрит снимать в ч/б формате? Кто-то так вообще делает?",-1
Нужно ли разрешение у людей на улице?,-1
Где искать идеи для стрит фотографий?,-1
Можно ли зарабатывать на стрит фото?,-1
Какие есть стрит-фотоконкурсы?,-1
Как выбрать тему для стрит-снимка?,-1
Где лучше всего практиковать стрит-фото?,-1
"а ходить в музей полезно, если хочешь улучшить свои навыки в стрит-фотографии?",-1
"а назови 10 художников, с творчеством которых стоит ознакомиться начинающему стрит-фотографу",-1
Какие правила этики у стрит-фотографа?,-1
Прикольненько. надо позвать кого-нибудь на съемку,-1
Какой фотоаппарат подойдет новичку?,-1
"вообще, у меня уже есть камера)",-1
Какие приемы съемки важны для стрита?,-1
"хочу завести домашнее животное, у моей бабушки живёт мопс, кажется, он приносит ей много радости. предложи 6 вариантов разных домашних животных, которым будет нормально жить в квартире и к каждому напиши по 5 особенностей владения этим животным, характер, особенности содержание и всё такое",-1
Сколько стоит содержание животного?,-1
"выглядит недорого, но я знаю, то на ветеринаре можно разориться( бабушка однажды за лечение своего мопса 25 тысяч в клинике отдала",-1
"напиши мне первую главу для романа про мужчину и женщину, которые не могут быть вместе, потому что оба очень стеснительные. в этой главе они должны познакомиться на веранде летнего кафе. они оба живут в Москве, часто бывают на один и тех же улицах и мероприятиях, но ни разу там не встретились. они общаются только в соцсетях, а познакомились на курсах по тайм-менеджменту. они встретились в летний солнечный вечер, оба были в хорошем настроении и не думали ни с кем знакомиться. при личной встрече они не поняли, что уже общаться друг с другом в социальных сетях. текст должен быть написан богатым русским языком, с большим количеством эпитетов, сравнений и прилагательных. Женщину зовут Настя, а мужчину Василий",-1
"напиши теперь вторую главу, в которой они встретились в Петербурге и были очень смущены, потому что после первой встречи в Москве никто никому не перезвонил, потому что оба они очень стеснялись. текст должен быть написан богатым русским языком, с большим количеством эпитетов, сравнений и прилагательных. Женщину зовут Настя, а мужчину Василий",-1
"спасибо. как думаешь, такая история может захватить читателя?",-1
"вот пришла на ум такая история, думаю, написать рассказ или повесть, хотя раньше никогда не писала. да и это не совсем моя литература, я детективы больше всего люблю читать, а не любовные истории",-1
"а можешь больше советов дать? штук 10 хотя бы, а то выглядит пока не очень жизненно",-1
Какие типичные ошибки допускают новички?,-1
Как писать живые диалоги?,-1
"а если я хочу сделать нелинейное повествование, как не запутаться?",-1
Какие есть техники развития персонажей?,-1
Какие приёмы удержат интерес читателя?,-1
"можешь максимально подробно рассказать, как описывать внешность людей, чтобы это было не просто перечисление внешних характеристик, а передавало какие-то особенности персонажа, чтобы это было интересно читать, чтобы не было ощущение, что описание добавлено только ради количества символов",-1
Какие ошибки часто допускаются при описании внешности?,-1
Какие приемы оживят описание внешности?,-1
"годные советы, спасибо. А если я планирую рассказ написать, на что обратить внимание/ у рассказа язык, наверное, отличается от языка романа, ну и вообще расскажи подробнее про литературные фишечки и особенности рассказа как литературного жанра",-1
Какие сюжеты подходят для короткого рассказа?,-1
Чем короткая форма выгодна писателю?,-1
Как избежать поверхностности в описании?,-1
"кстати, утром посмотрела фильм «Облачный атлас», теперь он мой любимый, такой глубокий и зрелищный!",-1
"посоветуй мне 10 похожих фильмов, к каждому напиши краткое содержание, год выпуска и актёров, которые исполнили главные роли",-1
"Какие книги похожи на ""Облачный атлас""?",-1
"о, а напиши мне 10 необычных рецептов с яйцами, только очень подробно распиши, я совсем готовить не умею",-1
"а можешь так же 10 рецептов с гречкой написать, только очень подробно распиши, я совсем готовить не умею, плюс должно быть минимум жарки, лучше для кастрюли и духовки",-1
"ну и затейник, обязательно что-нибудь из этого приготовлю",-1
Как правильно промывать гречку перед готовкой?,-1
Какие специи подходят к гречке?,-1
а варену гречку можно замораживать?,-1
"я своего брата в детстве Палтус называла. а как ещё дразнить человека по имени Паша? Вот думаю, его жене рассказать или не стоит",-1
где ты был в моем детстве? столько прозвищ мне придумал. Буду теперь его Паштетом называть,-1
"а у меня в детстве даже прозвища не было никакого, чувствую себя какой-то неполноценной из-за этого",-1
"а какие прозвища можно придумать человеку по имени Соня? хочу сразу предложить прозвища, но сама себе не могу придумать",-1
какие-то неинтересные(( Паштет и Палтус для Паши гораздо прикольнее. Придумай ещё 10 прикольных и остроумных прозвища для имени Соня,-1
Есть ли универсальные прозвища?,-1
"блин, хочу, наверное, в Японию съездить. будет идеально, если с подругой, она японский язык изучает, с ней не так страшно ехать. английский-то я знаю, но в Японию с одним английским как-то стрёмно ехать",-1
Сколько примерно стоит поездка в Японию?,-1
"посоветуй 10 мест, которые стоит посетить в Японии",-1
а в какое время года туда лучше ехать?,-1
"я слышала, что японцы не очень любят туристов. Как ли это и какие правила стоит соблюдать, чтобы ко мне относились там нормально",-1
Можно ли путешествовать по Японии автостопом?,-1
"а напиши штук 10-15 Сувениров, которые можно привезти из Японии",-1
"а есть ещё какая-то кукла, которой надо глаза рисовать или что-то такое. Ты об этом что-то знаешь?",-1
а почему эта кукла работает? там же есть какая-то психологическая фишка наверняка?,-1
Какие еще талисманы счастья в Японии?,-1
"мне мама вчера сказала, что загорать вредно, а я слышала, что полезно, потому что надо бывать на солнце и витамин Д от загара вырабатывается. Что ты думаешь, стоит загорать или нет",-1
а есть противопоказания к загару?,-1
"я слышала, что если обгорать на солнце часто ,может появиться рак кожи",-1
Есть ли безопасная альтернатива загару?,-1
"а в солярий ходить стоит, если нет возможности на солнце много бывать? Зимой, например",-1
"блин, так круто  в большой компании работать! Я сейчас в «Ростелекоме», а до этого только в маленьких конторках трудилась",-1
"мне нравится, что у нас есть корпоративное обучение, классный офис и вкусная столовая",-1
"О, а ещё бесплатный спорт, я вот на йогу часто хожу",-1
"ещё хочу попробовать зумбу, даже не знаю ,что это такое, но название прикольное",-1
а у зумбы есть противопоказания?,-1
"а плоскостопие?мне кажется, У меня оно есть, но к врачу пока не ходила",-1
"хочется что-то с внешностью сделать, но не могу придумать что",-1
"хочу волосы отрастить, как это побыстрее сделать?",-1
"останавливает то, что за длинными ухаживать надо, чем длиннее, тем сильнее надо ухаживать",-1
Как быстро растут волосы?,-1
"хочется, конечно, идти по улице и трясти густой копной волос до попы, думаю, это красиво выглядит, но с отросшим каре так волосами потрясти у меня не получится",-1
"и вот думаю, краситься ли в новый цвет или нет, мне мой родной темно-русый нравится, хотя другие русоволосые люди мне не нравится, как выглядят, думала насчёт каштанового оттенка",-1
"вообще мне нравится экспериментировать, я была и рыжей, и блондинкой, и с зелеными, и с синими, и с розовыми волосами",-1
"а если я снова выберу яркий цвет волос, это не отразится негативно на моей карьере?",-1
"мда, надо подумать тогда, может быть просто чуть короче подстигусь",-1
"так, нужна помощь. напиши мне 5 самых популярных языков программирования, подробно распиши их плюсы и минусы, насколько легко начать, насколько они будут нужны через 10 лет, в общем, проведи глубокий и максимально подробный анализ того, какой язык стоит выбрать для обучения",-1
"а, ну питон я и так знаю",-1
"о, Круто, спасибо за советы",-1
"мне кажется, меня никто не понимает",-1
"я довольно открытая, слушаю других, но кажется, что они говорят о какой-то ерунде и боятся обсуждать действительно важные вещи",-1
"почему я должна предпринимать какие-то шаги, а не окружающие?",-1
Почему друзья избегают откровенных бесед?,-1
Почему важно слушать друг друга?,-1
Какие барьеры мешают открытой беседе?,-1
Как научиться активно слушать?,-1
Почему мне сложно открыто говорить?,-1
Как развить уверенность в общении?,-1
Почему важна невербальная коммуникация?,-1
"расскажи мне, почему важно формировать связи мозг-мышцы",-1
Какие упражнения улучшают нейромышечную связь?,-1
"а если прокачать нейромышечную связь, это на других сферах жизни как-то скажется?",-1
а растяжка улучшает нейромышечную связь?,-1
Какие факторы ухудшают нейромышечную связь?,-1
Какие продукты полезны для нейромышечной связи?,-1
"как быстро можно наладить нейромышечную связь? понятно ,что это требует много времени, но через сколько будут видно первые результаты",-1
Может ли кофеин повлиять на нейромышечную связь?,-1
"сегодня тренер сказала, что если ты не можешь медленно-медленно подняться из приседа, значит плохо работает нервная система и не хватает терпения, как связаны терпение и нервная система?",-1
а как можно развивать терпение?,-1
Чем полезна социальная поддержка?,-1
Как влияют эмоции на тренировку?,-1
Почему важна сила нервной системы?,-1
Почему важна выносливость психики?,-1
"пупупу, вот я и нашла свою ахиллесову пяту",-1
"смешной ты, где учился так юморить?",-1
"меня веселит просмотр стендов или комедий, ещё иногда смотрю смешные видео с котами или другими животными, нравятся крутые анекдоты, но в последнее время ничего нормального не слышала",-1
"не, пока не надо, спасибо. расскажи лучше, как отмыть кружку от кофейных разводов, они прям въелись",-1
"а если внутри кружки есть рисунок, эти средства рисунок не сотрут?",-1
"вообще надо бы генеральную уборку в квартире сделать, а то уже пару месяцев толком не убиралась",-1
"у меня одна комната, ванная и отдельно туалет, кухня, кладовка и балкон, составь подобный план по уборке каждого помещения",-1
"спасибо! ещё думала начать контролировать свои расходы, а то деньги непонятно куда утекают, напиши мне 8 методов или способов, как это можно сделать, может быть, есть готовые системы? я в этом не разбираюсь вообще",-1
Как экономить на продуктах питания?,-1
а есть системы ведения бюджета готовые? вроде японская какая-то была,-1
"я короче бросила фотографировать, и вернулась к живописи, уже несколько месяцев трижды в неделю рисую. а фотик продала, бесит и напоминает о неудаче",-1
"я акварелью рисую, кстати, моя любимая краска",-1
"расскажи, как эффективно отдыхать",-1
Сколько нужно времени на отдых?,-1
Как планировать отдых эффективно?,-1
"Как понять, что я недостаточно отдыхаю?",-1
Почему важен баланс активного и пассивного отдыха?,-1
как много хитростей... вот со сном у меня как раз проблемки и мало на свежем воздухе бываю,-1
"да, было бы здорово всей семьей куда-то выбираться, но родителей не вытащить, а брат с семьей любят свой собственный семейный отдых",-1
"хочу на самом деле с братом больше времени проводить, но у него дела, семья, мы как-то упустили момент, когда можно было бы сблизиться, в итоге сейчас мало общаемся",-1
"мама говорит, что в этом вопросе все зависит от женской инициативы. типа я должна с его женой обо всем договариваться, тогда мы с братом сблизимся. Но она мне не очень нравится, да и я ей тоже",-1
"значну со звонков, пожалуй. и племянники меня любят, это плюс",-1
"не, они со мной бегать и беситься любят, а не книжки читать и по телефону разговаривать. я с детьми отлично лажу, потому что, наверное, во мне осталось много от ребенка внутри",-1
"да, у детей столькому можно научиться. думаю, надо открыть школы для взрослых, где преподавателями будут дети, такой обмен опытом",-1
"Хей, я по приколу сказала, а ты мне уже тут план расписал",-1
"ой, спасибо. мне нравится, когда мне говорят, что внутри я ещё девочка. мне кажется, это одна из моих сильных сторон",-1
Какие занятия развивают детскую энергию?,-1
"да, вот моим племянникам не помешает иногда свою энергию направить в конструктивное русло, хотя жена брата с ними хорошо справляется",-1
"да, вот быть строгой мне у нее можно поучится, а то мальчишки мне иногда на шею садятся",-1
"думаю, их с собой в поездку взять, недалеко куда-нибудь, на один день",-1
"боюсь только, что с двумя не справлюсь",-1
